{
  "accuracy": 0.9244186046511628,
  "correct_count": 159,
  "incorrect_count": 5,
  "unknown_count": 8,
  "total_count": 172,
  "answerable_accuracy": 0.9695121951219512,
  "coverage": 0.9534883720930233
}